<beans xmlns="http://www.springframework.org/schema/beans"
     xmlns:xsi="http://www.w3.org/2001/XMLSchema-instance"
     xmlns:context="http://www.springframework.org/schema/context"
     xmlns:p="http://www.springframework.org/schema/p"
     xmlns:tx="http://www.springframework.org/schema/tx"

     xsi:schemaLocation="
        http://www.springframework.org/schema/beans
        http://www.springframework.org/schema/beans/spring-beans.xsd
        http://www.springframework.org/schema/context
        http://www.springframework.org/schema/context/spring-context.xsd
        http://www.springframework.org/schema/tx
         http://www.springframework.org/schema/tx/spring-tx.xsd">

     <context:component-scan
           base-package="com.cognizant.carservice" />

     <bean id="viewResolver"
          class="org.springframework.web.servlet.view.InternalResourceViewResolver">

           <property name="prefix" value="/WEB-INF/views/"></property>
           <property name="suffix" value=".jsp"></property>

     </bean>


     <bean id="dataSource"
           class="org.springframework.jdbc.datasource.DriverManagerDataSource">
           <property name="driverClassName"
                value="com.mysql.jdbc.Driver" />
           <property name="url" value="jdbc:mysql://localhost:3306/carservice" />
           <property name="username" value="root" />
           <property name="password" value="root" />
     </bean>
<!--  -->
     <bean id="entityManagerFactory"
          class="org.springframework.orm.jpa.LocalContainerEntityManagerFactoryBean"
           p:packagesToScan="com.cognizant.carservice.model"
           p:dataSource-ref="dataSource">
           <property name="jpaVendorAdapter">
                <bean
                     class="org.springframework.orm.jpa.vendor.HibernateJpaVendorAdapter">
                     <!-- <property name="generateDdl" value="true" /> -->
                     <property name="showSql" value="true" />
                </bean>
           </property>
     </bean>

     <!-- Transactions -->
     <bean id="transactionManager"
           class="org.springframework.orm.jpa.JpaTransactionManager">
           <property name="entityManagerFactory"
                ref="entityManagerFactory" />
     </bean>

     <!-- enable the configuration of transactional behavior based on annotations -->
     <tx:annotation-driven
           transaction-manager="transactionManager" />

</beans>
